n_el,n_up,sampling_time,energy_time,kfac_time
10,10,0.025931526017189024,0.09960991923809052,0.05584822273254393
