n_el,n_up,sampling_time,energy_time,kfac_time
10,10,0.027312159323692322,0.11084320352077484,0.05517433834075927
